Oligo Name,Sequence (5' to 3')  ,Pool
rabv_Nig_1_LEFT,CAAAATCAGAGAAGAAGCAGACAGC,1
rabv_Nig_1_RIGHT,TCTGTACGCTTGATCTCCACAA,1
rabv_Nig_2_LEFT,TCCTGAAGACTGGACCAGCTAT,2
rabv_Nig_2_RIGHT,AGATGCTCAATCCGGGAGAAAT,2
rabv_Nig_3_LEFT,TGACAACTCATAAAATGTGCGCT,1
rabv_Nig_3_RIGHT,TTTAAGGACCTGACCTGACCCA,1
rabv_Nig_4_LEFT,TCCCCGTATTCGTCAAATGCAG,2
rabv_Nig_4_RIGHT,AGCTTGATGATTGGAACTGGCT,2
rabv_Nig_5_LEFT,CTCGGATCATGATGAACGGAGG,1
rabv_Nig_5_RIGHT,TGAAGCCGCCTCATGTCATC,1
rabv_Nig_6_LEFT,CTCCTTGCGAACCATCCCAAAT,2
rabv_Nig_6_RIGHT,TCTTCCACCGTCTGTGACCATA,2
rabv_Nig_7_LEFT,TCATACCTGGACAATGTTGGAGT,1
rabv_Nig_7_RIGHT,TGCTCAAAATTATACAAGAATATCCCTGA,1
rabv_Nig_8_LEFT,GATCGCTCACCAGATTGCTGAA,2
rabv_Nig_8_RIGHT,ATTCATTTTATCAGTGGTGTTGCCT,2
rabv_Nig_9_LEFT,ATGTGTACTGGGGTGGGTTG,1
rabv_Nig_9_RIGHT,AGTAACCATTCGGACTGCACAC,1
rabv_Nig_10_LEFT,TGAAAGAACTCACGGGCAAGAA,2
rabv_Nig_10_RIGHT,GTTGATACACCAGATCCTGCCC,2
rabv_Nig_11_LEFT,CAAGAGATCACTTGGGACGACG,1
rabv_Nig_11_RIGHT,TTCCCTTAAATCTTTTGAGGGATGTTAA,1
rabv_Nig_12_LEFT,ACCGCTGCATTTTATCAACGTC,2
rabv_Nig_12_RIGHT,TGAACGTGGTGGTGACATAACC,2
rabv_Nig_13_LEFT,TCAGCCATAAAGGTGAACGGGT,1
rabv_Nig_13_RIGHT,GTCTCGGATTCTCTGGCATCCA,1
rabv_Nig_14_LEFT,GTGTGGCAGATTTAGACCCATATGA,2
rabv_Nig_14_RIGHT,ACCAACTCCTCCACAACAAGATG,2
rabv_Nig_15_LEFT,AAGTCTCTAAAAGGGGCATGCA,1
rabv_Nig_15_RIGHT,CCCCAACTCTCAAACACCCTTT,1
rabv_Nig_16_LEFT,TGACCACCAAGTCAGTGAGTTT,2
rabv_Nig_16_RIGHT,ACCCCTGAGATTTGTTTGTGCA,2
rabv_Nig_17_LEFT,TGGAGTTGTTGGAGTCCTCAGT,1
rabv_Nig_17_RIGHT,GGGAAAGCAACCCTCAAGACTT,1
rabv_Nig_18_LEFT,TCATATAAGAGCGGAGGCGAGA,2
rabv_Nig_18_RIGHT,ATCGCCTTCCTCAATTGAACCC,2
rabv_Nig_19_LEFT,TATTTTGGATGACCCCGTGCTT,1
rabv_Nig_19_RIGHT,ATCAGCCTGGCAGGATCTTCTA,1
rabv_Nig_20_LEFT,TCTATGATGACCCCGTTGACCC,2
rabv_Nig_20_RIGHT,TCAGCCCTCTATTCCCAAGTGT,2
rabv_Nig_21_LEFT,TTCCCTCAAAGTGGGCGGAA,1
rabv_Nig_21_RIGHT,CCCCATATTTGATCTTTGAACTTGACC,1
rabv_Nig_22_LEFT,AGACTGGGATGAAGAAAAGACCA,2
rabv_Nig_22_RIGHT,TCTCCTAGGGAATGAATGAGAGGT,2
rabv_Nig_23_LEFT,CGACTTGATATCTCAACTGTGCCA,1
rabv_Nig_23_RIGHT,CTAGGTCGCTCGCTAAACACT,1
rabv_Nig_24_LEFT,TCCCTATATAGATTATAGAAAGGGTCTGTC,2
rabv_Nig_24_RIGHT,GGGCCGTGATGATAACCTTCTC,2
rabv_Nig_25_LEFT,TTCACCAGAACGAGACTAGCCT,1
rabv_Nig_25_RIGHT,CCAGGTGAAAAGCATATGTAACCC,1
rabv_Nig_26_LEFT,GCGCTGACTATGACAGATAACCT,2
rabv_Nig_26_RIGHT,TGTGTTCCTGGTTTGAGATTCTCT,2
rabv_Nig_27_LEFT,GATGGCGGGCTAGAAGGTTTAC,1
rabv_Nig_27_RIGHT,TTATATTGGCAAGGTTAACTATCTGGTC,1
rabv_Nig_28_LEFT,ACGACTTTCTCATCTATGGGAAGAC,2
rabv_Nig_28_RIGHT,CCTTCAGAGACAGGGTCTGAGA,2
rabv_Nig_29_LEFT,TTCAGCCCAATTTTAAAAGGCAGA,1
rabv_Nig_29_RIGHT,TCTGAATTCTCTACCTTGTCCACC,1
rabv_Nig_30_LEFT,GCTTCACTCGCCTTCTTGAAGA,2
rabv_Nig_30_RIGHT,AGGTGTCTGCGTCATCCGATT,2
rabv_Nig_31_LEFT,GGCAGTTCAGAAAGAGTCTCTCA,1
rabv_Nig_31_RIGHT,ACATGAACATTGGTGACTTTTTCCC,1
rabv_Nig_32_LEFT,TTTTCACGAGGCCCTCTAAAGG,2
rabv_Nig_32_RIGHT,GCGTAAAGCATCAATGGCTGAA,2
rabv_Nig_33_LEFT,CTGCCAGATACAGTGAAGGAGG,1
rabv_Nig_33_RIGHT,CGGGACTTTTCTCTACCACTTAGA,1
rabv_Nig_34_LEFT,ACATTTCATTGGCACCTTCGGT,2
rabv_Nig_34_RIGHT,TCGAGAGGTCTATTTATGTTGATATTTGT,2
rabv_Nig_35_LEFT,ACATATACGGCAAGGTCTCCCC,1
rabv_Nig_35_RIGHT,ACGTCATTTTGGCACTTCTAAAGT,1
rabv_Nig_36_LEFT,CAACATGTGTTGCGCTATGAGC,2
rabv_Nig_36_RIGHT,TGTTGAGCAGAGCAAACCCATT,2
rabv_Nig_37_LEFT,AAGGTGGGTGGATCAAGAAGTG,1
rabv_Nig_37_RIGHT,AAGCCATCAGATCGTTCACCTC,1
rabv_Nig_38_LEFT,AGCTTAAGCCTATTCTAGATGATCTCA,2
rabv_Nig_38_RIGHT,AGACAATGCGAAGTCGGACATT,2
rabv_Nig_39_LEFT,TGTCTTATGACCTCATCATCTGTGA,1
rabv_Nig_39_RIGHT,TCAGGAAATCCCCTTACAAGATCTTG,1
rabv_Nig_40_LEFT,GGGAGATGAGCCTTGTGTTGTT,2
rabv_Nig_40_RIGHT,TCTTGCAAAGCTGGGGACATC,2
rabv_Nig_41_LEFT,TCAAATCCTTACAACGAAATGATCATAACT,1
rabv_Nig_41_RIGHT,ACCCTCTTGAAGACCGAGGT,1
